attack,secure,seed,outstanding,deadlocked,started,completed,breaches,denials,unsolicited,atk_started,atk_completed,atk_refused,wd_max_starve,compromised,errors,verdict
1,0,1,8,0,5273,5273,3033,0,3029,3033,0,0,0,1,0,ATTACK-PASS
1,0,2,8,0,5404,5404,3027,0,3027,3027,0,0,0,1,0,ATTACK-PASS
1,0,3,8,0,5073,5073,3147,0,3145,3147,0,0,0,1,0,ATTACK-PASS
1,0,4,8,0,5434,5434,3003,0,2997,3003,0,0,0,1,0,ATTACK-PASS
1,0,5,8,0,5561,5561,3036,0,3036,3036,0,0,0,1,0,ATTACK-PASS
1,0,6,8,0,5343,5343,2991,0,2985,2991,0,0,0,1,0,ATTACK-PASS
1,0,7,8,0,5242,5242,3077,0,3069,3077,0,0,0,1,0,ATTACK-PASS
1,0,8,8,0,4996,4996,3237,0,3229,3237,0,0,0,1,0,ATTACK-PASS
1,1,1,8,0,9287,9287,0,3543,0,3543,0,0,11,0,0,ATTACK-PASS
1,1,2,8,0,9303,9303,0,3509,0,3509,0,0,4,0,0,ATTACK-PASS
1,1,3,8,0,9423,9423,0,3465,0,3465,0,0,5,0,0,ATTACK-PASS
1,1,4,8,0,9396,9396,0,3412,0,3412,0,0,2,0,0,ATTACK-PASS
1,1,5,8,0,9375,9375,0,3476,0,3476,0,0,5,0,0,ATTACK-PASS
1,1,6,8,0,9317,9317,0,3553,0,3553,0,0,4,0,0,ATTACK-PASS
1,1,7,8,0,9310,9310,0,3541,0,3541,0,0,5,0,0,ATTACK-PASS
1,1,8,8,0,9390,9390,0,3500,0,3500,0,0,7,0,0,ATTACK-PASS
2,0,1,8,1,4199,4135,0,0,0,1950,1917,0,0,1,0,ATTACK-PASS
2,0,2,8,1,408,344,0,0,0,189,161,0,0,1,0,ATTACK-PASS
2,0,3,8,1,472,408,0,0,0,202,170,0,0,1,0,ATTACK-PASS
2,0,4,8,1,2821,2757,0,0,0,1330,1308,0,0,1,0,ATTACK-PASS
2,0,5,8,1,1719,1655,0,0,0,710,673,0,0,1,0,ATTACK-PASS
2,0,6,8,1,4081,4017,0,0,0,1918,1892,0,0,1,0,ATTACK-PASS
2,0,7,8,1,896,832,0,0,0,480,450,0,0,1,0,ATTACK-PASS
2,0,8,8,1,2871,2807,0,0,0,1321,1286,0,0,1,0,ATTACK-PASS
2,1,1,8,0,9730,9730,0,0,0,6,0,4,4,0,0,ATTACK-PASS
2,1,2,8,0,9831,9831,0,0,0,6,0,4,4,0,0,ATTACK-PASS
2,1,3,8,0,9745,9745,0,0,0,6,0,4,7,0,0,ATTACK-PASS
2,1,4,8,0,9782,9782,0,0,0,6,0,4,5,0,0,ATTACK-PASS
2,1,5,8,0,9829,9829,0,0,0,6,0,4,3,0,0,ATTACK-PASS
2,1,6,8,0,9710,9710,0,0,0,6,0,4,10,0,0,ATTACK-PASS
2,1,7,8,0,9720,9720,0,0,0,6,0,4,3,0,0,ATTACK-PASS
2,1,8,8,0,9699,9699,0,0,0,6,0,4,10,0,0,ATTACK-PASS
3,0,1,8,0,7859,7859,0,0,0,3341,3337,0,0,0,0,ATTACK-PASS
3,0,2,8,0,7893,7893,0,0,0,3465,3463,0,0,0,0,ATTACK-PASS
3,0,3,8,0,7846,7846,0,0,0,3466,3461,0,0,0,0,ATTACK-PASS
3,0,4,8,0,7866,7866,0,0,0,3443,3443,0,0,0,0,ATTACK-PASS
3,0,5,8,0,7776,7776,0,0,0,3615,3611,0,0,0,0,ATTACK-PASS
3,0,6,8,0,7739,7739,0,0,0,3367,3367,0,0,0,0,ATTACK-PASS
3,0,7,8,0,7648,7648,0,0,0,3769,3769,0,0,0,0,ATTACK-PASS
3,0,8,8,0,7868,7868,0,0,0,3410,3410,0,0,0,0,ATTACK-PASS
3,1,1,8,0,7859,7859,0,0,0,3341,3337,0,23,0,0,ATTACK-PASS
3,1,2,8,0,7893,7893,0,0,0,3465,3463,0,38,0,0,ATTACK-PASS
3,1,3,8,0,7846,7846,0,0,0,3466,3461,0,17,0,0,ATTACK-PASS
3,1,4,8,0,7866,7866,0,0,0,3443,3443,0,35,0,0,ATTACK-PASS
3,1,5,8,0,7776,7776,0,0,0,3615,3611,0,25,0,0,ATTACK-PASS
3,1,6,8,0,7739,7739,0,0,0,3367,3367,0,27,0,0,ATTACK-PASS
3,1,7,8,0,7648,7648,0,0,0,3769,3769,0,23,0,0,ATTACK-PASS
3,1,8,8,0,7868,7868,0,0,0,3410,3410,0,17,0,0,ATTACK-PASS
