num_vns,vcs_per_vn,buffer_depth,sa_iters,pattern,rate_permille,offered,accepted,avg_total_latency,avg_network_latency,p50_total_latency,p99_total_latency,max_total_latency,measured_delivered,saturated,errors,reordered_pct
1,1,4,1,0,50,0.0498,0.0499,5.984,5.984,6,10,11,897,0,0,0.000
1,1,4,1,0,100,0.1024,0.1025,6.128,6.128,6,10,11,1843,0,0,0.000
1,1,4,1,0,150,0.1529,0.1525,6.090,6.090,6,10,12,2753,0,0,0.000
1,1,4,1,0,200,0.1997,0.1998,6.142,6.142,6,10,13,3594,0,0,0.000
1,1,4,1,0,250,0.2507,0.2504,6.237,6.237,6,11,13,4512,0,0,0.000
1,1,4,1,0,300,0.3043,0.3039,6.262,6.262,6,11,14,5477,0,0,0.000
1,1,4,1,0,350,0.3540,0.3544,6.368,6.368,6,11,15,6372,0,0,0.000
1,1,4,1,0,400,0.4044,0.4044,6.465,6.465,6,12,16,7279,0,0,0.000
1,1,4,1,0,450,0.4538,0.4539,6.655,6.653,6,13,18,8169,0,0,0.000
1,1,4,1,0,500,0.5045,0.5044,6.798,6.797,6,13,20,9081,0,0,0.000
1,1,4,1,0,550,0.5524,0.5523,7.124,7.113,7,15,21,9944,0,0,0.000
1,1,4,1,0,600,0.6042,0.6043,7.832,7.760,7,18,28,10876,0,0,0.000
1,1,4,1,0,650,0.6522,0.6531,8.885,8.304,8,28,49,11739,0,0,0.000
1,1,4,1,0,700,0.6993,0.6974,18.765,10.157,11,92,109,12587,0,0,0.000
1,1,4,1,0,750,0.7518,0.7165,108.181,12.227,35,533,553,13533,0,0,0.000
1,1,4,1,0,800,0.8007,0.7321,215.661,12.584,161,803,850,14412,1,0,0.000
1,1,4,1,0,850,0.8479,0.7286,335.613,12.659,291,1004,1048,15262,1,0,0.000
1,1,4,1,0,900,0.9006,0.7374,479.790,12.700,419,1175,1249,16211,1,0,0.000
1,1,4,1,0,950,0.9509,0.7287,648.614,12.781,585,1486,1565,17116,1,0,0.000
1,1,4,1,0,1000,1.0000,0.7159,790.748,12.818,735,1707,1807,18000,1,0,0.000
1,1,8,1,0,50,0.0498,0.0499,5.984,5.984,6,10,11,897,0,0,0.000
1,1,8,1,0,100,0.1024,0.1025,6.128,6.128,6,10,11,1843,0,0,0.000
1,1,8,1,0,150,0.1529,0.1525,6.090,6.090,6,10,12,2753,0,0,0.000
1,1,8,1,0,200,0.1997,0.1998,6.142,6.142,6,10,13,3594,0,0,0.000
1,1,8,1,0,250,0.2507,0.2504,6.237,6.237,6,11,13,4512,0,0,0.000
1,1,8,1,0,300,0.3043,0.3039,6.262,6.262,6,11,14,5477,0,0,0.000
1,1,8,1,0,350,0.3540,0.3544,6.367,6.367,6,11,15,6372,0,0,0.000
1,1,8,1,0,400,0.4044,0.4044,6.464,6.464,6,12,16,7279,0,0,0.000
1,1,8,1,0,450,0.4538,0.4539,6.648,6.648,6,13,18,8169,0,0,0.000
1,1,8,1,0,500,0.5045,0.5044,6.779,6.779,6,13,18,9081,0,0,0.000
1,1,8,1,0,550,0.5524,0.5523,7.058,7.058,7,14,19,9944,0,0,0.000
1,1,8,1,0,600,0.6042,0.6044,7.485,7.485,7,16,24,10876,0,0,0.000
1,1,8,1,0,650,0.6522,0.6523,7.890,7.890,7,18,38,11739,0,0,0.000
1,1,8,1,0,700,0.6993,0.6991,8.748,8.727,8,22,35,12587,0,0,0.000
1,1,8,1,0,750,0.7518,0.7487,14.791,11.577,10,74,101,13533,0,0,0.000
1,1,8,1,0,800,0.8007,0.7821,58.839,15.164,18,317,345,14412,0,0,0.000
1,1,8,1,0,850,0.8479,0.7991,147.073,19.897,67,623,649,15262,1,0,0.000
1,1,8,1,0,900,0.9006,0.8044,270.656,21.306,185,890,945,16211,1,0,0.000
1,1,8,1,0,950,0.9509,0.8011,387.177,21.706,293,1147,1223,17116,1,0,0.000
1,1,8,1,0,1000,1.0000,0.7865,535.492,21.745,471,1396,1493,18000,1,0,0.000
1,4,2,1,0,50,0.0498,0.0499,5.984,5.984,6,10,11,897,0,0,0.000
1,4,2,1,0,100,0.1024,0.1025,6.128,6.128,6,10,11,1843,0,0,0.000
1,4,2,1,0,150,0.1529,0.1525,6.090,6.090,6,10,12,2753,0,0,0.000
1,4,2,1,0,200,0.1997,0.1998,6.142,6.142,6,10,13,3594,0,0,0.000
1,4,2,1,0,250,0.2507,0.2504,6.237,6.237,6,11,13,4512,0,0,0.000
1,4,2,1,0,300,0.3043,0.3039,6.262,6.262,6,11,14,5477,0,0,0.000
1,4,2,1,0,350,0.3540,0.3544,6.367,6.367,6,11,15,6372,0,0,0.000
1,4,2,1,0,400,0.4044,0.4044,6.464,6.464,6,12,16,7279,0,0,0.000
1,4,2,1,0,450,0.4538,0.4539,6.648,6.648,6,13,18,8169,0,0,0.000
1,4,2,1,0,500,0.5045,0.5044,6.779,6.779,6,13,18,9081,0,0,0.000
1,4,2,1,0,550,0.5524,0.5523,7.058,7.058,7,14,19,9944,0,0,0.000
1,4,2,1,0,600,0.6042,0.6044,7.485,7.485,7,16,24,10876,0,0,0.006
1,4,2,1,0,650,0.6522,0.6523,7.864,7.864,7,18,38,11739,0,0,0.034
1,4,2,1,0,700,0.6993,0.6993,8.641,8.634,8,21,50,12587,0,0,0.152
1,4,2,1,0,750,0.7518,0.7515,11.628,10.951,10,41,61,13533,0,0,1.032
1,4,2,1,0,800,0.8007,0.7912,30.701,14.081,15,138,170,14412,0,0,1.908
1,4,2,1,0,850,0.8479,0.8056,124.219,18.777,56,642,685,15262,0,0,4.733
1,4,2,1,0,900,0.9006,0.8202,231.056,22.067,109,862,907,16211,1,0,6.328
1,4,2,1,0,950,0.9509,0.8173,342.850,22.068,241,1071,1141,17116,1,0,6.410
1,4,2,1,0,1000,1.0000,0.8091,487.770,22.248,417,1274,1364,18000,1,0,6.755
1,4,2,2,0,50,0.0498,0.0499,5.984,5.984,6,10,11,897,0,0,0.000
1,4,2,2,0,100,0.1024,0.1025,6.128,6.128,6,10,11,1843,0,0,0.000
1,4,2,2,0,150,0.1529,0.1525,6.090,6.090,6,10,12,2753,0,0,0.000
1,4,2,2,0,200,0.1997,0.1998,6.140,6.140,6,10,13,3594,0,0,0.000
1,4,2,2,0,250,0.2507,0.2504,6.234,6.234,6,11,13,4512,0,0,0.000
1,4,2,2,0,300,0.3043,0.3039,6.257,6.257,6,11,14,5477,0,0,0.000
1,4,2,2,0,350,0.3540,0.3543,6.354,6.354,6,11,15,6372,0,0,0.000
1,4,2,2,0,400,0.4044,0.4044,6.431,6.431,6,12,16,7279,0,0,0.000
1,4,2,2,0,450,0.4538,0.4539,6.575,6.575,6,12,15,8169,0,0,0.016
1,4,2,2,0,500,0.5045,0.5044,6.690,6.690,6,12,18,9081,0,0,0.000
1,4,2,2,0,550,0.5524,0.5523,6.884,6.884,6,13,19,9944,0,0,0.060
1,4,2,2,0,600,0.6042,0.6043,7.142,7.142,7,15,21,10876,0,0,0.098
1,4,2,2,0,650,0.6522,0.6524,7.401,7.401,7,15,35,11739,0,0,0.289
1,4,2,2,0,700,0.6993,0.6991,7.787,7.787,7,17,36,12587,0,0,0.532
1,4,2,2,0,750,0.7518,0.7519,8.447,8.447,8,20,42,13533,0,0,1.227
1,4,2,2,0,800,0.8007,0.8006,9.078,9.078,8,22,41,14412,0,0,2.005
1,4,2,2,0,850,0.8479,0.8472,10.797,10.386,9,38,83,15262,0,0,3.926
1,4,2,2,0,900,0.9006,0.8923,28.929,15.747,17,110,135,16211,0,0,9.857
1,4,2,2,0,950,0.9509,0.8963,127.578,19.839,96,510,612,17116,1,0,13.304
1,4,2,2,0,1000,1.0000,0.9007,227.540,20.814,208,712,753,18000,1,0,14.161
