part,outstanding_or_limit,seed,max_honest_stall,victim_avg_latency,victim_p99_latency,victim_lost,detection_delay,discarded,verdict
a,2,1,0,,,,,,PASS
a,2,2,0,,,,,,PASS
a,2,3,0,,,,,,PASS
a,2,4,0,,,,,,PASS
a,2,5,0,,,,,,PASS
a,2,6,0,,,,,,PASS
a,2,7,0,,,,,,PASS
a,2,8,0,,,,,,PASS
a,4,1,0,,,,,,PASS
a,4,2,0,,,,,,PASS
a,4,3,0,,,,,,PASS
a,4,4,0,,,,,,PASS
a,4,5,0,,,,,,PASS
a,4,6,0,,,,,,PASS
a,4,7,0,,,,,,PASS
a,4,8,0,,,,,,PASS
a,8,1,8,,,,,,PASS
a,8,2,21,,,,,,PASS
a,8,3,13,,,,,,PASS
a,8,4,13,,,,,,PASS
a,8,5,12,,,,,,PASS
a,8,6,17,,,,,,PASS
a,8,7,16,,,,,,PASS
a,8,8,5,,,,,,PASS
a,16,1,59,,,,,,PASS
a,16,2,37,,,,,,PASS
a,16,3,41,,,,,,PASS
a,16,4,48,,,,,,PASS
a,16,5,33,,,,,,PASS
a,16,6,58,,,,,,PASS
a,16,7,56,,,,,,PASS
a,16,8,52,,,,,,PASS
a,32,1,53,,,,,,PASS
a,32,2,57,,,,,,PASS
a,32,3,59,,,,,,PASS
a,32,4,40,,,,,,PASS
a,32,5,55,,,,,,PASS
a,32,6,64,,,,,,PASS
a,32,7,45,,,,,,PASS
a,32,8,74,,,,,,PASS
a,64,1,42,,,,,,PASS
a,64,2,75,,,,,,PASS
a,64,3,60,,,,,,PASS
a,64,4,52,,,,,,PASS
a,64,5,51,,,,,,PASS
a,64,6,54,,,,,,PASS
a,64,7,65,,,,,,PASS
a,64,8,48,,,,,,PASS
b,open,,,2.674,5,3986,never,0,ATTACK-PASS
b,32,,,3.338,7,0,53,593,ATTACK-PASS
b,64,,,3.415,7,0,85,593,ATTACK-PASS
b,128,,,4.630,50,0,149,593,ATTACK-PASS
b,256,,,14.894,179,0,277,593,ATTACK-PASS
b,512,,,66.114,436,0,533,593,ATTACK-PASS
b,1024,,,295.916,946,0,1045,593,ATTACK-PASS
