pattern,rate_permille,offered,accepted,avg_total_latency,avg_network_latency,p50_total_latency,p99_total_latency,max_total_latency,measured_delivered,saturated,errors
0,50,0.0498,0.0499,3.007,3.007,3,5,6,897,0,0
0,100,0.1024,0.1025,3.081,3.081,3,5,6,1843,0,0
0,150,0.1529,0.1527,3.101,3.101,3,6,8,2753,0,0
0,200,0.1997,0.1997,3.157,3.157,3,6,8,3594,0,0
0,250,0.2507,0.2507,3.211,3.211,3,6,9,4512,0,0
0,300,0.3043,0.3042,3.281,3.281,3,7,9,5477,0,0
0,350,0.3540,0.3542,3.379,3.379,3,7,12,6372,0,0
0,400,0.4044,0.4048,3.460,3.460,3,7,11,7279,0,0
0,450,0.4538,0.4539,3.641,3.641,3,8,15,8169,0,0
0,500,0.5045,0.5047,3.760,3.760,3,9,13,9081,0,0
0,550,0.5524,0.5527,4.037,4.037,4,10,16,9944,0,0
0,600,0.6042,0.6044,4.469,4.469,4,12,18,10876,0,0
0,650,0.6522,0.6521,4.830,4.829,4,14,33,11739,0,0
0,700,0.6993,0.6989,5.832,5.799,5,20,36,12587,0,0
0,750,0.7518,0.7497,9.480,8.171,7,58,78,13533,0,0
0,800,0.8007,0.7933,38.830,10.944,12,167,188,14412,0,0
0,850,0.8479,0.8088,123.446,17.231,34,574,611,15262,0,0
0,900,0.9006,0.8078,244.382,18.654,157,820,886,16211,1,0
0,950,0.9509,0.8114,364.833,19.067,287,1061,1106,17116,1,0
0,1000,1.0000,0.7984,501.963,18.986,428,1344,1442,18000,1,0
