num_vns,vcs_per_vn,buffer_depth,sa_iters,outstanding,rate_permille,seed,deadlocked,started,completed,avg_txn_latency,cycles,errors
1,1,4,1,2,1000,1,0,6673,6673,13.5,5015,0
1,1,4,1,2,1000,2,0,6653,6653,13.5,5014,0
1,1,4,1,2,1000,3,0,6647,6647,13.5,5012,0
1,1,4,1,2,1000,4,0,6677,6677,13.5,5013,0
1,1,4,1,2,1000,5,0,6660,6660,13.5,5015,0
1,1,4,1,2,1000,6,0,6646,6646,13.6,5010,0
1,1,4,1,2,1000,7,0,6656,6656,13.5,5012,0
1,1,4,1,2,1000,8,0,6668,6668,13.5,5012,0
1,1,4,1,4,1000,1,0,9956,9956,18.1,5019,0
1,1,4,1,4,1000,2,0,10051,10051,17.9,5019,0
1,1,4,1,4,1000,3,0,9938,9938,18.1,5013,0
1,1,4,1,4,1000,4,0,10015,10015,18.0,5017,0
1,1,4,1,4,1000,5,0,9973,9973,18.1,5017,0
1,1,4,1,4,1000,6,0,10011,10011,18.0,5017,0
1,1,4,1,4,1000,7,0,10010,10010,18.0,5017,0
1,1,4,1,4,1000,8,0,10031,10031,18.0,5016,0
1,1,4,1,8,1000,1,1,3903,3832,35.3,2423,0
1,1,4,1,8,1000,2,1,373,301,31.5,671,0
1,1,4,1,8,1000,3,0,10160,10160,35.4,5026,0
1,1,4,1,8,1000,4,1,7433,7361,34.6,4088,0
1,1,4,1,8,1000,5,0,10252,10252,35.0,5022,0
1,1,4,1,8,1000,6,1,996,926,32.9,969,0
1,1,4,1,8,1000,7,0,10258,10258,35.0,5026,0
1,1,4,1,8,1000,8,1,5724,5652,35.5,3337,0
1,1,4,1,16,1000,1,1,177,36,47.2,578,0
1,1,4,1,16,1000,2,1,184,42,31.1,557,0
1,1,4,1,16,1000,3,1,239,98,52.0,614,0
1,1,4,1,16,1000,4,1,321,180,88.0,699,0
1,1,4,1,16,1000,5,1,184,44,41.9,582,0
1,1,4,1,16,1000,6,1,187,44,43.5,595,0
1,1,4,1,16,1000,7,1,175,37,30.8,556,0
1,1,4,1,16,1000,8,1,224,86,44.5,592,0
1,1,4,1,32,1000,1,1,177,23,41.0,565,0
1,1,4,1,32,1000,2,1,185,41,30.8,558,0
1,1,4,1,32,1000,3,1,234,73,43.6,599,0
1,1,4,1,32,1000,4,1,228,51,42.7,601,0
1,1,4,1,32,1000,5,1,200,45,45.3,595,0
1,1,4,1,32,1000,6,1,208,36,35.4,566,0
1,1,4,1,32,1000,7,1,195,37,30.8,562,0
1,1,4,1,32,1000,8,1,200,49,31.8,561,0
1,1,4,1,64,1000,1,1,177,23,41.0,565,0
1,1,4,1,64,1000,2,1,185,41,30.8,558,0
1,1,4,1,64,1000,3,1,234,73,43.6,599,0
1,1,4,1,64,1000,4,1,228,51,42.7,601,0
1,1,4,1,64,1000,5,1,200,45,45.3,595,0
1,1,4,1,64,1000,6,1,208,36,35.4,566,0
1,1,4,1,64,1000,7,1,195,37,30.8,562,0
1,1,4,1,64,1000,8,1,200,49,31.8,561,0
1,3,4,1,2,1000,1,0,6669,6669,13.5,5015,0
1,3,4,1,2,1000,2,0,6633,6633,13.6,5013,0
1,3,4,1,2,1000,3,0,6657,6657,13.5,5013,0
1,3,4,1,2,1000,4,0,6660,6660,13.5,5014,0
1,3,4,1,2,1000,5,0,6655,6655,13.5,5013,0
1,3,4,1,2,1000,6,0,6677,6677,13.5,5014,0
1,3,4,1,2,1000,7,0,6667,6667,13.5,5015,0
1,3,4,1,2,1000,8,0,6655,6655,13.5,5012,0
1,3,4,1,4,1000,1,0,10064,10064,17.9,5017,0
1,3,4,1,4,1000,2,0,10102,10102,17.8,5021,0
1,3,4,1,4,1000,3,0,10085,10085,17.9,5016,0
1,3,4,1,4,1000,4,0,10081,10081,17.9,5019,0
1,3,4,1,4,1000,5,0,10109,10109,17.8,5014,0
1,3,4,1,4,1000,6,0,10106,10106,17.8,5019,0
1,3,4,1,4,1000,7,0,10079,10079,17.9,5018,0
1,3,4,1,4,1000,8,0,10049,10049,17.9,5015,0
1,3,4,1,8,1000,1,0,11758,11758,30.7,5032,0
1,3,4,1,8,1000,2,0,11763,11763,30.7,5027,0
1,3,4,1,8,1000,3,0,11788,11788,30.6,5029,0
1,3,4,1,8,1000,4,0,11817,11817,30.5,5029,0
1,3,4,1,8,1000,5,0,11815,11815,30.5,5028,0
1,3,4,1,8,1000,6,0,11790,11790,30.6,5032,0
1,3,4,1,8,1000,7,0,11745,11745,30.7,5028,0
1,3,4,1,8,1000,8,0,11733,11733,30.8,5034,0
1,3,4,1,16,1000,1,0,12177,12177,59.0,5050,0
1,3,4,1,16,1000,2,0,12178,12178,59.0,5048,0
1,3,4,1,16,1000,3,0,12303,12303,58.4,5054,0
1,3,4,1,16,1000,4,0,12167,12167,59.1,5050,0
1,3,4,1,16,1000,5,0,12233,12233,58.8,5051,0
1,3,4,1,16,1000,6,0,12115,12115,59.3,5050,0
1,3,4,1,16,1000,7,0,12101,12101,59.4,5049,0
1,3,4,1,16,1000,8,0,12086,12086,59.4,5050,0
1,3,4,1,32,1000,1,1,892,608,101.8,866,0
1,3,4,1,32,1000,2,1,1056,769,97.9,919,0
1,3,4,1,32,1000,3,1,1009,729,95.9,894,0
1,3,4,1,32,1000,4,1,842,558,88.6,830,0
1,3,4,1,32,1000,5,1,885,606,127.7,930,0
1,3,4,1,32,1000,6,1,683,403,83.3,763,0
1,3,4,1,32,1000,7,1,1300,1013,100.7,1043,0
1,3,4,1,32,1000,8,1,1102,821,93.6,919,0
1,3,4,1,64,1000,1,1,875,437,93.9,813,0
1,3,4,1,64,1000,2,1,739,345,72.0,756,0
1,3,4,1,64,1000,3,1,835,452,83.7,788,0
1,3,4,1,64,1000,4,1,776,380,81.1,795,0
1,3,4,1,64,1000,5,1,640,264,69.3,710,0
1,3,4,1,64,1000,6,1,618,261,67.2,704,0
1,3,4,1,64,1000,7,1,819,425,74.5,771,0
1,3,4,1,64,1000,8,1,745,376,72.0,741,0
3,1,4,1,2,1000,1,0,6676,6676,13.5,5013,0
3,1,4,1,2,1000,2,0,6677,6677,13.5,5014,0
3,1,4,1,2,1000,3,0,6669,6669,13.5,5012,0
3,1,4,1,2,1000,4,0,6655,6655,13.5,5014,0
3,1,4,1,2,1000,5,0,6666,6666,13.5,5015,0
3,1,4,1,2,1000,6,0,6690,6690,13.5,5015,0
3,1,4,1,2,1000,7,0,6698,6698,13.4,5012,0
3,1,4,1,2,1000,8,0,6682,6682,13.5,5015,0
3,1,4,1,4,1000,1,0,10078,10078,17.9,5015,0
3,1,4,1,4,1000,2,0,10115,10115,17.8,5020,0
3,1,4,1,4,1000,3,0,10083,10083,17.9,5020,0
3,1,4,1,4,1000,4,0,10097,10097,17.8,5015,0
3,1,4,1,4,1000,5,0,10057,10057,17.9,5017,0
3,1,4,1,4,1000,6,0,10065,10065,17.9,5015,0
3,1,4,1,4,1000,7,0,10088,10088,17.9,5021,0
3,1,4,1,4,1000,8,0,10112,10112,17.8,5016,0
3,1,4,1,8,1000,1,0,11611,11611,31.1,5025,0
3,1,4,1,8,1000,2,0,11498,11498,31.4,5038,0
3,1,4,1,8,1000,3,0,11653,11653,30.9,5034,0
3,1,4,1,8,1000,4,0,11533,11533,31.3,5029,0
3,1,4,1,8,1000,5,0,11628,11628,31.0,5026,0
3,1,4,1,8,1000,6,0,11522,11522,31.3,5035,0
3,1,4,1,8,1000,7,0,11534,11534,31.3,5039,0
3,1,4,1,8,1000,8,0,11604,11604,31.1,5024,0
3,1,4,1,16,1000,1,0,11380,11380,58.7,5056,0
3,1,4,1,16,1000,2,0,11765,11765,57.7,5057,0
3,1,4,1,16,1000,3,0,11680,11680,57.6,5058,0
3,1,4,1,16,1000,4,0,11652,11652,58.0,5056,0
3,1,4,1,16,1000,5,0,11602,11602,58.3,5059,0
3,1,4,1,16,1000,6,0,11762,11762,58.0,5054,0
3,1,4,1,16,1000,7,0,11721,11721,57.7,5047,0
3,1,4,1,16,1000,8,0,11682,11682,58.9,5055,0
3,1,4,1,32,1000,1,0,11542,11542,75.9,5076,0
3,1,4,1,32,1000,2,0,11590,11590,73.5,5074,0
3,1,4,1,32,1000,3,0,11464,11464,73.7,5062,0
3,1,4,1,32,1000,4,0,11718,11718,74.4,5082,0
3,1,4,1,32,1000,5,0,11498,11498,75.6,5065,0
3,1,4,1,32,1000,6,0,11476,11476,71.2,5068,0
3,1,4,1,32,1000,7,0,11634,11634,73.2,5077,0
3,1,4,1,32,1000,8,0,11600,11600,72.6,5088,0
3,1,4,1,64,1000,1,0,11760,11760,74.2,5072,0
3,1,4,1,64,1000,2,0,11387,11387,73.7,5055,0
3,1,4,1,64,1000,3,0,11548,11548,71.8,5058,0
3,1,4,1,64,1000,4,0,11565,11565,72.2,5063,0
3,1,4,1,64,1000,5,0,11586,11586,73.9,5066,0
3,1,4,1,64,1000,6,0,11429,11429,69.5,5066,0
3,1,4,1,64,1000,7,0,11627,11627,69.9,5080,0
3,1,4,1,64,1000,8,0,11606,11606,74.9,5072,0
